<?xml version="1.0" encoding="UTF-8"?>
<!-- Created with TexturePacker http://www.codeandweb.com/texturepacker-->
<!-- $TexturePacker:SmartUpdate:308571542814cb73baf8ef4ea28d39c0:eaf485a34f06591aaefa82d27d8c7df5:d30adc5c165d8d3b7acb8ecfa384ea28$ -->
<TextureAtlas imagePath="TowerDefence_explosion.png">
    <SubTexture name="TowerDefence_01" x="222" y="199" width="31" height="31" frameX="-40" frameY="-41" frameWidth="114" frameHeight="114"/>
    <SubTexture name="TowerDefence_02" x="210" y="49" width="43" height="43" frameX="-34" frameY="-35" frameWidth="114" frameHeight="114"/>
    <SubTexture name="TowerDefence_03" x="210" y="2" width="44" height="45" frameX="-33" frameY="-34" frameWidth="114" frameHeight="114"/>
    <SubTexture name="TowerDefence_04" x="77" y="277" width="69" height="67" frameX="-20" frameY="-23" frameWidth="114" frameHeight="114"/>
    <SubTexture name="TowerDefence_05" x="2" y="207" width="73" height="74" frameX="-19" frameY="-19" frameWidth="114" frameHeight="114"/>
    <SubTexture name="TowerDefence_06" x="102" y="106" width="86" height="83" frameX="-12" frameY="-15" frameWidth="114" frameHeight="114"/>
    <SubTexture name="TowerDefence_07" x="2" y="106" width="98" height="99" frameX="-6" frameY="-7" frameWidth="114" frameHeight="114"/>
    <SubTexture name="TowerDefence_08" x="2" y="2" width="102" height="102" frameX="-4" frameY="-5" frameWidth="114" frameHeight="114"/>
    <SubTexture name="TowerDefence_09" x="106" y="2" width="102" height="102" frameX="-4" frameY="-5" frameWidth="114" frameHeight="114"/>
    <SubTexture name="TowerDefence_10" x="102" y="191" width="85" height="84" frameX="-13" frameY="-14" frameWidth="114" frameHeight="114"/>
    <SubTexture name="TowerDefence_11" x="2" y="283" width="69" height="66" frameX="-21" frameY="-23" frameWidth="114" frameHeight="114"/>
    <SubTexture name="TowerDefence_12" x="190" y="142" width="50" height="55" frameX="-30" frameY="-29" frameWidth="114" frameHeight="114"/>
    <SubTexture name="TowerDefence_13" x="210" y="94" width="42" height="46" frameX="-35" frameY="-33" frameWidth="114" frameHeight="114"/>
    <SubTexture name="TowerDefence_14" x="189" y="199" width="31" height="32" frameX="-40" frameY="-40" frameWidth="114" frameHeight="114"/>
</TextureAtlas>
